<?xml version="1.0" encoding="UTF-8"?>
<Users>
    <User>
        <firstName>Chrissy</firstName>
        <lastName>Falconbridge</lastName>
        <age>50</age>
    </User>
    <User>
        <firstName>Etty</firstName>
        <lastName>Haill</lastName>
        <age>31</age>
    </User>
    <User>
        <firstName>Josepha</firstName>
        <lastName>Virgoe</lastName>
        <age>50</age>
    </User>
    <User>
        <firstName>Burton</firstName>
        <lastName>Dimsdale</lastName>
        <age>35</age>
    </User>
    <User>
        <firstName>Karena</firstName>
        <lastName>Aldersea</lastName>
        <age>45</age>
    </User>
    <User>
        <firstName>Tod</firstName>
        <lastName>Staig</lastName>
        <age>48</age>
    </User>
    <User>
        <firstName>Shelby</firstName>
        <lastName>Clampett</lastName>
        <age>31</age>
    </User>
    <User>
        <firstName>Elysia</firstName>
        <lastName>Fusedale</lastName>
        <age>35</age>
    </User>
    <User>
        <firstName>Freddy</firstName>
        <lastName>Duckit</lastName>
        <age>34</age>
    </User>
    <User>
        <firstName>Ursola</firstName>
        <lastName>McVeighty</lastName>
        <age>38</age>
    </User>
    <User>
        <firstName>Bidget</firstName>
        <lastName>Chritchlow</lastName>
        <age>28</age>
    </User>
    <User>
        <firstName>Lethia</firstName>
        <lastName>Neumann</lastName>
        <age>31</age>
    </User>
    <User>
        <firstName>Sly</firstName>
        <lastName>Biaggetti</lastName>
        <age>49</age>
    </User>
    <User>
        <firstName>Neron</firstName>
        <lastName>O\'Keenan</lastName>
        <age>38</age>
    </User>
    <User>
        <firstName>Corina</firstName>
        <lastName>Bonifas</lastName>
        <age>22</age>
    </User>
    <User>
        <firstName>Dale</firstName>
        <lastName>Galbreath</lastName>
        <age>31</age>
    </User>
    <User>
        <firstName>Crista</firstName>
        <lastName>Byrde</lastName>
        <age>37</age>
    </User>
    <User>
        <firstName>Letizia</firstName>
        <lastName>Flukes</lastName>
        <age>49</age>
    </User>
    <User>
        <firstName>Emiline</firstName>
        <lastName>Gingold</lastName>
        <age>44</age>
    </User>
    <User>
        <firstName>Carine</firstName>
        <lastName>Louthe</lastName>
        <age>41</age>
    </User>
    <User>
        <firstName>Seymour</firstName>
        <lastName>Greatrex</lastName>
        <age>43</age>
    </User>
    <User>
        <firstName>Pier</firstName>
        <lastName>Prosser</lastName>
        <age>48</age>
    </User>
    <User>
        <firstName>Claybourne</firstName>
        <lastName>Gaber</lastName>
        <age>42</age>
    </User>
    <User>
        <firstName>Art</firstName>
        <lastName>Bensusan</lastName>
        <age>22</age>
    </User>
    <User>
        <firstName>Corabella</firstName>
        <lastName>Farryann</lastName>
        <age>45</age>
    </User>
    <User>
        <firstName>Addie</firstName>
        <lastName>Leroy</lastName>
        <age>26</age>
    </User>
    <User>
        <firstName>Deeyn</firstName>
        <lastName>Lawlan</lastName>
        <age>38</age>
    </User>
    <User>
        <firstName>Leonardo</firstName>
        <lastName>Rummery</lastName>
        <age>38</age>
    </User>
    <User>
        <firstName>Gerrie</firstName>
        <lastName>Henrique</lastName>
        <age>39</age>
    </User>
    <User>
        <firstName>Edi</firstName>
        <lastName>Bolzmann</lastName>
        <age>39</age>
    </User>
    <User>
        <firstName>Fidel</firstName>
        <lastName>Perrett</lastName>
        <age>26</age>
    </User>
    <User>
        <firstName>Ophelie</firstName>
        <lastName>Hakeworth</lastName>
        <age>34</age>
    </User>
    <User>
        <firstName>Oralle</firstName>
        <lastName>Diboll</lastName>
        <age>31</age>
    </User>
    <User>
        <firstName>Sonnie</firstName>
        <lastName>de Quincey</lastName>
        <age>21</age>
    </User>
    <User>
        <firstName>Les</firstName>
        <lastName>Saph</lastName>
        <age>30</age>
    </User>
    <User>
        <firstName>Arden</firstName>
        <lastName>Arboin</lastName>
        <age>46</age>
    </User>
    <User>
        <firstName>Eba</firstName>
        <lastName>Pleming</lastName>
        <age>42</age>
    </User>
    <User>
        <firstName>Evaleen</firstName>
        <lastName>Cund</lastName>
        <age>41</age>
    </User>
    <User>
        <firstName>Joan</firstName>
        <lastName>Nendick</lastName>
        <age>31</age>
    </User>
    <User>
        <firstName>Lanie</firstName>
        <lastName>Patrone</lastName>
        <age>23</age>
    </User>
    <User>
        <firstName>Charissa</firstName>
        <lastName>Braybrooks</lastName>
        <age>34</age>
    </User>
    <User>
        <firstName>Jannelle</firstName>
        <lastName>Petrasch</lastName>
        <age>29</age>
    </User>
    <User>
        <firstName>Dolf</firstName>
        <lastName>Puller</lastName>
        <age>38</age>
    </User>
    <User>
        <firstName>Ainslie</firstName>
        <lastName>Skedgell</lastName>
        <age>27</age>
    </User>
    <User>
        <firstName>Iseabal</firstName>
        <lastName>Hallam</lastName>
        <age>22</age>
    </User>
    <User>
        <firstName>Myrwyn</firstName>
        <lastName>Kenworthy</lastName>
        <age>21</age>
    </User>
    <User>
        <firstName>Harmonie</firstName>
        <lastName>Berford</lastName>
        <age>39</age>
    </User>
    <User>
        <firstName>Karoly</firstName>
        <lastName>Willmer</lastName>
        <age>29</age>
    </User>
    <User>
        <firstName>Almire</firstName>
        <lastName>Ainslee</lastName>
        <age>27</age>
    </User>
    <User>
        <firstName>Crystie</firstName>
        <lastName>Feronet</lastName>
        <age>29</age>
    </User>
    <User>
        <firstName>Lilly</firstName>
        <lastName>Frend</lastName>
        <age>23</age>
    </User>
    <User>
        <firstName>Hermine</firstName>
        <lastName>Hughland</lastName>
        <age>36</age>
    </User>
    <User>
        <firstName>Etta</firstName>
        <lastName>Arnaudi</lastName>
        <age>32</age>
    </User>
    <User>
        <firstName>Omar</firstName>
        <lastName>Jaffray</lastName>
        <age>26</age>
    </User>
    <User>
        <firstName>Fanny</firstName>
        <lastName>Millmoe</lastName>
        <age>21</age>
    </User>
    <User>
        <firstName>Vinni</firstName>
        <lastName>Capaldo</lastName>
        <age>43</age>
    </User>
    <User>
        <firstName>Sallyann</firstName>
        <lastName>Skitch</lastName>
        <age>28</age>
    </User>
    <User>
        <firstName>Margi</firstName>
        <lastName>Ellerton</lastName>
        <age>23</age>
    </User>
    <User>
        <firstName>Cathee</firstName>
        <lastName>Rallings</lastName>
        <age>33</age>
    </User>
    <User>
        <firstName>Leeland</firstName>
        <lastName>Nurdin</lastName>
        <age>28</age>
    </User>
    <User>
        <firstName>Nathanil</firstName>
        <lastName>Mence</lastName>
        <age>35</age>
    </User>
    <User>
        <firstName>Hartwell</firstName>
        <lastName>Gietz</lastName>
        <age>42</age>
    </User>
    <User>
        <firstName>Sal</firstName>
        <lastName>Loseby</lastName>
        <age>46</age>
    </User>
    <User>
        <firstName>Dannie</firstName>
        <lastName>Camellini</lastName>
        <age>47</age>
    </User>
    <User>
        <firstName>Arel</firstName>
        <lastName>Weatherburn</lastName>
        <age>25</age>
    </User>
    <User>
        <firstName>Purcell</firstName>
        <lastName>Prewett</lastName>
        <age>47</age>
    </User>
    <User>
        <firstName>Vivie</firstName>
        <lastName>Tyrwhitt</lastName>
        <age>29</age>
    </User>
    <User>
        <firstName>Clementius</firstName>
        <lastName>Jedrych</lastName>
        <age>33</age>
    </User>
    <User>
        <firstName>Kayla</firstName>
        <lastName>Middlebrook</lastName>
        <age>22</age>
    </User>
    <User>
        <firstName>Mitchell</firstName>
        <lastName>Worboys</lastName>
        <age>39</age>
    </User>
    <User>
        <firstName>Kevyn</firstName>
        <lastName>Priestley</lastName>
        <age>22</age>
    </User>
    <User>
        <firstName>Jacquelin</firstName>
        <lastName>Fransoni</lastName>
        <age>22</age>
    </User>
    <User>
        <firstName>Wendel</firstName>
        <lastName>Stannering</lastName>
        <age>34</age>
    </User>
    <User>
        <firstName>Saxe</firstName>
        <lastName>Ivory</lastName>
        <age>33</age>
    </User>
    <User>
        <firstName>Wallas</firstName>
        <lastName>Duffyn</lastName>
        <age>44</age>
    </User>
    <User>
        <firstName>Rabbi</firstName>
        <lastName>Bunten</lastName>
        <age>39</age>
    </User>
    <User>
        <firstName>Dominik</firstName>
        <lastName>Humpatch</lastName>
        <age>22</age>
    </User>
    <User>
        <firstName>Guthrie</firstName>
        <lastName>Hallyburton</lastName>
        <age>32</age>
    </User>
    <User>
        <firstName>Vince</firstName>
        <lastName>Hills</lastName>
        <age>44</age>
    </User>
    <User>
        <firstName>Penelope</firstName>
        <lastName>Soldner</lastName>
        <age>32</age>
    </User>
    <User>
        <firstName>Devland</firstName>
        <lastName>Vazquez</lastName>
        <age>27</age>
    </User>
    <User>
        <firstName>Rouvin</firstName>
        <lastName>Wilcockes</lastName>
        <age>22</age>
    </User>
    <User>
        <firstName>Osborn</firstName>
        <lastName>McGettigan</lastName>
        <age>28</age>
    </User>
    <User>
        <firstName>Murdoch</firstName>
        <lastName>Greensted</lastName>
        <age>34</age>
    </User>
    <User>
        <firstName>Ed</firstName>
        <lastName>Saxon</lastName>
        <age>23</age>
    </User>
    <User>
        <firstName>Bernadette</firstName>
        <lastName>Ensor</lastName>
        <age>25</age>
    </User>
    <User>
        <firstName>Brig</firstName>
        <lastName>Mullineux</lastName>
        <age>39</age>
    </User>
    <User>
        <firstName>Clemmy</firstName>
        <lastName>Bremmer</lastName>
        <age>25</age>
    </User>
    <User>
        <firstName>Bogey</firstName>
        <lastName>Grinyov</lastName>
        <age>44</age>
    </User>
    <User>
        <firstName>Hank</firstName>
        <lastName>Drinnan</lastName>
        <age>31</age>
    </User>
    <User>
        <firstName>Kingsly</firstName>
        <lastName>Hosby</lastName>
        <age>47</age>
    </User>
    <User>
        <firstName>Jania</firstName>
        <lastName>Atger</lastName>
        <age>21</age>
    </User>
    <User>
        <firstName>Brendin</firstName>
        <lastName>Predohl</lastName>
        <age>38</age>
    </User>
    <User>
        <firstName>Rosy</firstName>
        <lastName>Cromley</lastName>
        <age>37</age>
    </User>
    <User>
        <firstName>Desiri</firstName>
        <lastName>Sumption</lastName>
        <age>35</age>
    </User>
    <User>
        <firstName>Stephine</firstName>
        <lastName>Trubshawe</lastName>
        <age>36</age>
    </User>
    <User>
        <firstName>Fianna</firstName>
        <lastName>Lathom</lastName>
        <age>48</age>
    </User>
    <User>
        <firstName>Duky</firstName>
        <lastName>Bowller</lastName>
        <age>30</age>
    </User>
    <User>
        <firstName>Lorne</firstName>
        <lastName>Waison</lastName>
        <age>26</age>
    </User>
    <User>
        <firstName>Phillie</firstName>
        <lastName>Adamek</lastName>
        <age>20</age>
    </User>
</Users>